usn,name,email,branch,semester,cgpa,tenth_percentage,twelfth_percentage,backlog_history_count
3PM24CS001,Aarav Sharma,3pm24cs001@northfielddemo.edu,CSE,6,7.83,79.2,83.5,1
3PM24EC001,Vivaan Kulkarni,3pm24ec001@northfielddemo.edu,ECE,6,7.75,83.7,83.9,1
3PM24EC002,Aditya Bhat,3pm24ec002@northfielddemo.edu,ECE,6,8.67,83.5,82.9,0
4PM24ME001,Arjun Malhotra,4pm24me001@northfielddemo.edu,ME,8,6.23,74.2,83.3,0
2PM24CS002,Sai Banerjee,2pm24cs002@northfielddemo.edu,CSE,4,6.69,77.4,70.6,0
4PM24IS001,Ishaan Iyer,4pm24is001@northfielddemo.edu,ISE,8,6.62,80.3,73.2,2
4PM24ME002,Aryan Mehta,4pm24me002@northfielddemo.edu,ME,8,7.4,78.4,84.7,0
3PM24CS003,Kabir Sethi,3pm24cs003@northfielddemo.edu,CSE,6,6.7,79.0,68.8,0
4PM24EC003,Rohan Arora,4pm24ec003@northfielddemo.edu,ECE,8,8.52,98.8,98.0,2
3PM24CS004,Dev Reddy,3pm24cs004@northfielddemo.edu,CSE,6,6.01,65.8,66.3,3
2PM24CS005,Ananya Chopra,2pm24cs005@northfielddemo.edu,CSE,4,7.64,88.8,77.3,1
3PM24ME003,Diya Nambiar,3pm24me003@northfielddemo.edu,ME,6,8.4,81.9,90.5,0
3PM24CE001,Ishita Bhardwaj,3pm24ce001@northfielddemo.edu,CE,6,7.3,79.4,68.6,0
2PM24IS002,Sanya Verma,2pm24is002@northfielddemo.edu,ISE,4,7.49,77.3,87.0,0
2PM24CS006,Prisha Deshmukh,2pm24cs006@northfielddemo.edu,CSE,4,7.3,75.3,82.5,1
2PM24CS007,Aisha Rao,2pm24cs007@northfielddemo.edu,CSE,4,7.22,69.3,67.2,2
2PM24ME004,Navya Singh,2pm24me004@northfielddemo.edu,ME,4,7.18,77.4,71.9,1
4PM24CS008,Riya Bose,4pm24cs008@northfielddemo.edu,CSE,8,6.1,77.7,67.8,2
4PM24IS003,Meera Menon,4pm24is003@northfielddemo.edu,ISE,8,7.68,77.6,82.5,1
4PM24ME005,Tara Joshi,4pm24me005@northfielddemo.edu,ME,8,8.71,85.7,90.2,0
4PM24IS004,Kavya Kapoor,4pm24is004@northfielddemo.edu,ISE,8,7.19,78.5,72.1,1
3PM24IS005,Anaya Ghosh,3pm24is005@northfielddemo.edu,ISE,6,7.85,82.2,78.3,3
4PM24CE002,Sneha Nair,4pm24ce002@northfielddemo.edu,CE,8,9.29,95.2,84.8,0
2PM24EC004,Pooja Gupta,2pm24ec004@northfielddemo.edu,ECE,4,7.73,84.2,77.9,1
2PM24EC005,Rahul Pillai,2pm24ec005@northfielddemo.edu,ECE,4,6.73,68.3,71.8,0
3PM24IS006,Vikram Taneja,3pm24is006@northfielddemo.edu,ISE,6,6.87,78.0,65.6,1
3PM24CS009,Nikhil Patel,3pm24cs009@northfielddemo.edu,CSE,6,6.06,72.9,66.4,2
4PM24EC006,Karan Raghavan,4pm24ec006@northfielddemo.edu,ECE,8,8.23,82.6,84.0,0
2PM24CE003,Siddharth Shetty,2pm24ce003@northfielddemo.edu,CE,4,8.8,92.4,98.0,1
4PM24CS010,Amit Chauhan,4pm24cs010@northfielddemo.edu,CSE,8,8.01,81.1,80.9,1
4PM24IS007,Priya Sharma,4pm24is007@northfielddemo.edu,ISE,8,6.78,70.3,76.1,0
3PM24CS011,Divya Kulkarni,3pm24cs011@northfielddemo.edu,CSE,6,8.3,78.6,86.8,0
3PM24EC007,Shreya Bhat,3pm24ec007@northfielddemo.edu,ECE,6,6.07,71.1,63.2,3
4PM24CS012,Nandini Malhotra,4pm24cs012@northfielddemo.edu,CSE,8,7.21,86.4,78.8,2
4PM24CS013,Varun Banerjee,4pm24cs013@northfielddemo.edu,CSE,8,5.59,72.3,69.7,0
2PM24ME006,Harsh Iyer,2pm24me006@northfielddemo.edu,ME,4,7.25,80.3,82.0,0
4PM24IS008,Yash Mehta,4pm24is008@northfielddemo.edu,ISE,8,7.87,82.6,80.8,1
2PM24ME007,Manish Sethi,2pm24me007@northfielddemo.edu,ME,4,7.33,80.1,73.8,0
3PM24CE004,Ritika Arora,3pm24ce004@northfielddemo.edu,CE,6,7.77,86.0,80.7,0
4PM24CS014,Tanvi Reddy,4pm24cs014@northfielddemo.edu,CSE,8,8.11,83.8,80.6,0
2PM24EC008,Shruti Chopra,2pm24ec008@northfielddemo.edu,ECE,4,7.28,74.8,67.8,1
2PM24IS009,Lakshmi Nambiar,2pm24is009@northfielddemo.edu,ISE,4,7.11,80.0,79.9,0
3PM24IS010,Gauri Bhardwaj,3pm24is010@northfielddemo.edu,ISE,6,7.0,82.5,83.2,0
2PM24CE005,Aditi Verma,2pm24ce005@northfielddemo.edu,CE,4,7.21,87.1,89.1,2
4PM24IS011,Nidhi Deshmukh,4pm24is011@northfielddemo.edu,ISE,8,8.1,81.6,86.4,0
4PM24ME008,Isha Rao,4pm24me008@northfielddemo.edu,ME,8,7.95,92.8,87.0,0
4PM24EC009,Aarav Singh,4pm24ec009@northfielddemo.edu,ECE,8,6.72,79.4,81.4,1
3PM24CS015,Vivaan Bose,3pm24cs015@northfielddemo.edu,CSE,6,6.95,78.3,75.7,1
3PM24CS016,Aditya Menon,3pm24cs016@northfielddemo.edu,CSE,6,7.27,87.5,80.8,0
3PM24CS017,Arjun Joshi,3pm24cs017@northfielddemo.edu,CSE,6,5.77,70.9,72.0,0
4PM24EC010,Sai Kapoor,4pm24ec010@northfielddemo.edu,ECE,8,7.64,83.8,78.4,1
4PM24IS012,Ishaan Ghosh,4pm24is012@northfielddemo.edu,ISE,8,8.27,83.5,81.4,3
2PM24CS018,Aryan Nair,2pm24cs018@northfielddemo.edu,CSE,4,8.71,98.5,89.9,1
2PM24CS019,Kabir Gupta,2pm24cs019@northfielddemo.edu,CSE,4,7.58,77.1,77.9,1
4PM24CE006,Rohan Pillai,4pm24ce006@northfielddemo.edu,CE,8,8.61,96.4,90.1,1
3PM24CS020,Dev Taneja,3pm24cs020@northfielddemo.edu,CSE,6,8.54,89.5,86.5,0
2PM24IS013,Ananya Patel,2pm24is013@northfielddemo.edu,ISE,4,7.95,84.6,84.7,0
3PM24EC011,Diya Raghavan,3pm24ec011@northfielddemo.edu,ECE,6,6.42,81.6,79.0,0
3PM24IS014,Ishita Shetty,3pm24is014@northfielddemo.edu,ISE,6,6.07,77.4,65.9,1
3PM24EC012,Sanya Chauhan,3pm24ec012@northfielddemo.edu,ECE,6,7.25,83.5,77.8,0
3PM24IS015,Prisha Sharma,3pm24is015@northfielddemo.edu,ISE,6,7.6,84.2,88.4,0
4PM24EC013,Aisha Kulkarni,4pm24ec013@northfielddemo.edu,ECE,8,7.85,89.9,86.3,0
4PM24CS021,Navya Bhat,4pm24cs021@northfielddemo.edu,CSE,8,6.54,78.5,68.9,1
4PM24IS016,Riya Malhotra,4pm24is016@northfielddemo.edu,ISE,8,8.08,84.1,84.3,1
2PM24CS022,Meera Banerjee,2pm24cs022@northfielddemo.edu,CSE,4,6.56,77.0,71.9,2
2PM24EC014,Tara Iyer,2pm24ec014@northfielddemo.edu,ECE,4,6.91,82.8,83.9,0
3PM24CE007,Kavya Mehta,3pm24ce007@northfielddemo.edu,CE,6,7.55,79.5,71.7,1
2PM24ME009,Anaya Sethi,2pm24me009@northfielddemo.edu,ME,4,6.25,70.4,70.8,0
4PM24CE008,Sneha Arora,4pm24ce008@northfielddemo.edu,CE,8,7.98,87.0,83.0,1
2PM24CE009,Pooja Reddy,2pm24ce009@northfielddemo.edu,CE,4,6.87,81.6,74.7,0
4PM24CE010,Rahul Chopra,4pm24ce010@northfielddemo.edu,CE,8,7.77,83.1,81.0,0
3PM24CE011,Vikram Nambiar,3pm24ce011@northfielddemo.edu,CE,6,7.63,92.8,82.3,0
3PM24EC015,Nikhil Bhardwaj,3pm24ec015@northfielddemo.edu,ECE,6,7.84,80.7,78.0,0
2PM24CS023,Karan Verma,2pm24cs023@northfielddemo.edu,CSE,4,7.76,81.2,71.3,1
3PM24CE012,Siddharth Deshmukh,3pm24ce012@northfielddemo.edu,CE,6,6.54,80.7,80.1,0
2PM24CS024,Amit Rao,2pm24cs024@northfielddemo.edu,CSE,4,8.52,86.3,83.8,0
3PM24CS025,Priya Singh,3pm24cs025@northfielddemo.edu,CSE,6,6.96,73.7,71.4,0
4PM24CE013,Divya Bose,4pm24ce013@northfielddemo.edu,CE,8,5.4,64.4,65.4,0
2PM24IS017,Shreya Menon,2pm24is017@northfielddemo.edu,ISE,4,6.12,69.3,69.9,0
2PM24CS026,Nandini Joshi,2pm24cs026@northfielddemo.edu,CSE,4,6.84,75.1,76.3,0
4PM24CS027,Varun Kapoor,4pm24cs027@northfielddemo.edu,CSE,8,8.47,85.4,77.6,0
3PM24CS028,Harsh Ghosh,3pm24cs028@northfielddemo.edu,CSE,6,5.96,72.8,65.2,1
3PM24ME010,Yash Nair,3pm24me010@northfielddemo.edu,ME,6,7.3,83.7,79.4,1
3PM24EC016,Manish Gupta,3pm24ec016@northfielddemo.edu,ECE,6,7.48,75.7,69.6,1
4PM24ME011,Ritika Pillai,4pm24me011@northfielddemo.edu,ME,8,7.16,77.8,74.5,0
4PM24CE014,Tanvi Taneja,4pm24ce014@northfielddemo.edu,CE,8,8.38,87.5,83.1,0
2PM24EC017,Shruti Patel,2pm24ec017@northfielddemo.edu,ECE,4,7.53,81.9,80.5,0
2PM24CS029,Lakshmi Raghavan,2pm24cs029@northfielddemo.edu,CSE,4,8.09,80.7,79.1,0
2PM24ME012,Gauri Shetty,2pm24me012@northfielddemo.edu,ME,4,6.46,78.3,74.2,0
4PM24EC018,Aditi Chauhan,4pm24ec018@northfielddemo.edu,ECE,8,7.23,73.2,70.8,3
2PM24IS018,Nidhi Sharma,2pm24is018@northfielddemo.edu,ISE,4,7.75,80.8,86.3,3
3PM24EC019,Isha Kulkarni,3pm24ec019@northfielddemo.edu,ECE,6,6.27,77.6,70.2,0
3PM24IS019,Aarav Bhat,3pm24is019@northfielddemo.edu,ISE,6,6.16,69.7,62.0,0
3PM24IS020,Vivaan Malhotra,3pm24is020@northfielddemo.edu,ISE,6,9.21,90.6,92.5,1
2PM24CS030,Aditya Banerjee,2pm24cs030@northfielddemo.edu,CSE,4,6.17,75.8,74.0,1
2PM24EC020,Arjun Iyer,2pm24ec020@northfielddemo.edu,ECE,4,6.32,73.8,64.9,0
2PM24CS031,Sai Mehta,2pm24cs031@northfielddemo.edu,CSE,4,8.66,88.2,84.9,0
2PM24EC021,Ishaan Sethi,2pm24ec021@northfielddemo.edu,ECE,4,7.17,77.6,78.1,0
4PM24IS021,Aryan Arora,4pm24is021@northfielddemo.edu,ISE,8,7.88,78.6,75.9,0
4PM24ME013,Kabir Reddy,4pm24me013@northfielddemo.edu,ME,8,8.51,84.3,89.3,1
3PM24ME014,Rohan Chopra,3pm24me014@northfielddemo.edu,ME,6,7.65,88.1,77.2,1
3PM24CS032,Dev Nambiar,3pm24cs032@northfielddemo.edu,CSE,6,6.04,65.9,66.0,0
3PM24IS022,Ananya Bhardwaj,3pm24is022@northfielddemo.edu,ISE,6,8.22,87.0,87.0,0
2PM24IS023,Diya Verma,2pm24is023@northfielddemo.edu,ISE,4,6.61,73.1,68.8,0
2PM24CE015,Ishita Deshmukh,2pm24ce015@northfielddemo.edu,CE,4,7.16,80.0,70.6,0
4PM24CS033,Sanya Rao,4pm24cs033@northfielddemo.edu,CSE,8,8.37,89.1,85.8,0
3PM24IS024,Prisha Singh,3pm24is024@northfielddemo.edu,ISE,6,8.03,79.6,79.7,0
2PM24ME015,Aisha Bose,2pm24me015@northfielddemo.edu,ME,4,7.59,81.5,73.6,1
2PM24EC022,Navya Menon,2pm24ec022@northfielddemo.edu,ECE,4,7.29,78.1,82.7,1
2PM24ME016,Riya Joshi,2pm24me016@northfielddemo.edu,ME,4,6.92,76.1,63.4,1
2PM24CE016,Meera Kapoor,2pm24ce016@northfielddemo.edu,CE,4,7.69,79.6,78.5,0
2PM24EC023,Tara Ghosh,2pm24ec023@northfielddemo.edu,ECE,4,8.68,85.0,82.5,0
2PM24CE017,Kavya Nair,2pm24ce017@northfielddemo.edu,CE,4,8.05,87.1,90.1,0
2PM24CE018,Anaya Gupta,2pm24ce018@northfielddemo.edu,CE,4,5.58,73.6,79.7,1
3PM24CS034,Sneha Pillai,3pm24cs034@northfielddemo.edu,CSE,6,8.54,89.1,72.2,2
4PM24EC024,Pooja Taneja,4pm24ec024@northfielddemo.edu,ECE,8,7.73,85.9,81.8,0
4PM24EC025,Rahul Patel,4pm24ec025@northfielddemo.edu,ECE,8,8.84,89.2,82.1,0
2PM24CS035,Vikram Raghavan,2pm24cs035@northfielddemo.edu,CSE,4,7.32,91.6,78.5,0
4PM24CS036,Nikhil Shetty,4pm24cs036@northfielddemo.edu,CSE,8,7.84,78.6,79.6,1
4PM24CS037,Karan Chauhan,4pm24cs037@northfielddemo.edu,CSE,8,8.37,91.5,85.9,0
2PM24CS038,Siddharth Sharma,2pm24cs038@northfielddemo.edu,CSE,4,7.25,72.9,78.2,1
4PM24ME017,Amit Kulkarni,4pm24me017@northfielddemo.edu,ME,8,7.89,80.1,79.8,1
3PM24CS039,Priya Bhat,3pm24cs039@northfielddemo.edu,CSE,6,7.32,74.2,76.9,1
3PM24ME018,Divya Malhotra,3pm24me018@northfielddemo.edu,ME,6,6.48,69.7,75.0,0
3PM24IS025,Shreya Banerjee,3pm24is025@northfielddemo.edu,ISE,6,8.13,88.1,79.1,0
4PM24CS040,Nandini Iyer,4pm24cs040@northfielddemo.edu,CSE,8,7.93,84.8,86.0,1
3PM24EC026,Varun Mehta,3pm24ec026@northfielddemo.edu,ECE,6,8.18,96.3,81.4,0
4PM24IS026,Harsh Sethi,4pm24is026@northfielddemo.edu,ISE,8,7.5,82.1,74.5,1
2PM24IS027,Yash Arora,2pm24is027@northfielddemo.edu,ISE,4,7.27,76.5,84.6,2
2PM24IS028,Manish Reddy,2pm24is028@northfielddemo.edu,ISE,4,6.77,71.3,69.5,0
4PM24CS041,Ritika Chopra,4pm24cs041@northfielddemo.edu,CSE,8,7.21,78.9,76.0,2
4PM24IS029,Tanvi Nambiar,4pm24is029@northfielddemo.edu,ISE,8,6.94,74.6,75.1,0
2PM24CS042,Shruti Bhardwaj,2pm24cs042@northfielddemo.edu,CSE,4,7.52,73.4,85.1,2
2PM24ME019,Lakshmi Verma,2pm24me019@northfielddemo.edu,ME,4,8.09,80.9,78.0,2
2PM24EC027,Gauri Deshmukh,2pm24ec027@northfielddemo.edu,ECE,4,7.13,87.0,87.8,1
4PM24CS043,Aditi Rao,4pm24cs043@northfielddemo.edu,CSE,8,5.15,71.1,77.7,1
3PM24CS044,Nidhi Singh,3pm24cs044@northfielddemo.edu,CSE,6,7.94,77.6,82.4,0
4PM24IS030,Isha Bose,4pm24is030@northfielddemo.edu,ISE,8,8.15,84.5,86.0,0
3PM24CS045,Aarav Menon,3pm24cs045@northfielddemo.edu,CSE,6,6.96,79.3,70.7,0
4PM24CS046,Vivaan Joshi,4pm24cs046@northfielddemo.edu,CSE,8,7.31,83.1,81.9,0
4PM24CS047,Aditya Kapoor,4pm24cs047@northfielddemo.edu,CSE,8,6.73,73.0,76.4,0
2PM24IS031,Arjun Ghosh,2pm24is031@northfielddemo.edu,ISE,4,6.07,77.0,58.6,1
3PM24EC028,Sai Nair,3pm24ec028@northfielddemo.edu,ECE,6,8.25,94.8,86.2,2
2PM24EC029,Ishaan Gupta,2pm24ec029@northfielddemo.edu,ECE,4,6.37,76.4,73.5,2
4PM24CS048,Aryan Pillai,4pm24cs048@northfielddemo.edu,CSE,8,5.91,77.0,73.2,0
4PM24CS049,Kabir Taneja,4pm24cs049@northfielddemo.edu,CSE,8,7.14,82.4,76.7,0
3PM24CS050,Rohan Patel,3pm24cs050@northfielddemo.edu,CSE,6,8.47,87.6,89.1,0
3PM24CE019,Dev Raghavan,3pm24ce019@northfielddemo.edu,CE,6,7.85,89.8,80.1,0
2PM24ME020,Ananya Shetty,2pm24me020@northfielddemo.edu,ME,4,7.52,83.4,73.3,1
3PM24CS051,Diya Chauhan,3pm24cs051@northfielddemo.edu,CSE,6,6.92,72.0,79.3,2
2PM24EC030,Ishita Sharma,2pm24ec030@northfielddemo.edu,ECE,4,7.34,81.1,71.0,0
4PM24IS032,Sanya Kulkarni,4pm24is032@northfielddemo.edu,ISE,8,7.69,83.4,83.5,0
4PM24EC031,Prisha Bhat,4pm24ec031@northfielddemo.edu,ECE,8,5.73,74.3,66.7,0
2PM24ME021,Aisha Malhotra,2pm24me021@northfielddemo.edu,ME,4,6.83,87.4,80.8,2
3PM24CS052,Navya Banerjee,3pm24cs052@northfielddemo.edu,CSE,6,7.7,86.2,81.9,0
3PM24IS033,Riya Iyer,3pm24is033@northfielddemo.edu,ISE,6,7.55,82.4,70.9,0
3PM24CS053,Meera Mehta,3pm24cs053@northfielddemo.edu,CSE,6,8.39,91.8,73.3,1
4PM24CE020,Tara Sethi,4pm24ce020@northfielddemo.edu,CE,8,7.64,85.6,72.0,0
2PM24ME022,Kavya Arora,2pm24me022@northfielddemo.edu,ME,4,6.89,85.9,82.0,0
3PM24CS054,Anaya Reddy,3pm24cs054@northfielddemo.edu,CSE,6,7.81,80.8,81.7,1
4PM24IS034,Sneha Chopra,4pm24is034@northfielddemo.edu,ISE,8,7.54,84.6,76.7,1
4PM24CS055,Pooja Nambiar,4pm24cs055@northfielddemo.edu,CSE,8,8.66,88.0,87.4,2
4PM24CE021,Rahul Bhardwaj,4pm24ce021@northfielddemo.edu,CE,8,8.85,97.6,88.7,1
4PM24EC032,Vikram Verma,4pm24ec032@northfielddemo.edu,ECE,8,8.3,84.7,97.9,0
2PM24IS035,Nikhil Deshmukh,2pm24is035@northfielddemo.edu,ISE,4,7.61,82.9,77.1,1
3PM24CS056,Karan Rao,3pm24cs056@northfielddemo.edu,CSE,6,7.19,78.0,72.3,0
2PM24IS036,Siddharth Singh,2pm24is036@northfielddemo.edu,ISE,4,6.61,86.4,82.3,0
4PM24IS037,Amit Bose,4pm24is037@northfielddemo.edu,ISE,8,7.04,77.6,71.1,0
3PM24CS057,Priya Menon,3pm24cs057@northfielddemo.edu,CSE,6,6.27,80.2,65.8,3
4PM24CS058,Divya Joshi,4pm24cs058@northfielddemo.edu,CSE,8,7.71,74.9,73.2,1
2PM24ME023,Shreya Kapoor,2pm24me023@northfielddemo.edu,ME,4,6.89,62.2,65.3,2
2PM24IS038,Nandini Ghosh,2pm24is038@northfielddemo.edu,ISE,4,6.37,71.5,75.2,0
4PM24CE022,Varun Nair,4pm24ce022@northfielddemo.edu,CE,8,7.87,87.1,78.6,0
2PM24CS059,Harsh Gupta,2pm24cs059@northfielddemo.edu,CSE,4,7.27,74.1,77.0,1
4PM24CS060,Yash Pillai,4pm24cs060@northfielddemo.edu,CSE,8,7.97,92.5,92.0,0
2PM24CE023,Manish Taneja,2pm24ce023@northfielddemo.edu,CE,4,7.26,89.5,82.9,1
4PM24ME024,Ritika Patel,4pm24me024@northfielddemo.edu,ME,8,9.08,76.3,80.1,2
3PM24CS061,Tanvi Raghavan,3pm24cs061@northfielddemo.edu,CSE,6,6.54,67.8,70.0,1
3PM24ME025,Shruti Shetty,3pm24me025@northfielddemo.edu,ME,6,7.15,82.7,75.5,0
4PM24EC033,Lakshmi Chauhan,4pm24ec033@northfielddemo.edu,ECE,8,9.16,86.7,80.2,3
3PM24CS062,Gauri Sharma,3pm24cs062@northfielddemo.edu,CSE,6,8.01,78.4,79.7,0
2PM24IS039,Aditi Kulkarni,2pm24is039@northfielddemo.edu,ISE,4,8.21,91.3,92.7,1
4PM24EC034,Nidhi Bhat,4pm24ec034@northfielddemo.edu,ECE,8,8.16,81.5,76.0,2
3PM24CS063,Isha Malhotra,3pm24cs063@northfielddemo.edu,CSE,6,7.19,78.4,75.3,0
2PM24CS064,Aarav Banerjee,2pm24cs064@northfielddemo.edu,CSE,4,7.35,82.4,71.4,1
2PM24ME026,Vivaan Iyer,2pm24me026@northfielddemo.edu,ME,4,5.86,73.2,60.4,0
3PM24CS065,Aditya Mehta,3pm24cs065@northfielddemo.edu,CSE,6,6.58,77.0,78.3,1
4PM24CS066,Arjun Sethi,4pm24cs066@northfielddemo.edu,CSE,8,7.17,72.7,70.0,0
2PM24EC035,Sai Arora,2pm24ec035@northfielddemo.edu,ECE,4,7.42,81.6,78.9,1
3PM24IS040,Ishaan Reddy,3pm24is040@northfielddemo.edu,ISE,6,7.19,83.9,81.2,1
3PM24IS041,Aryan Chopra,3pm24is041@northfielddemo.edu,ISE,6,5.91,69.0,66.2,0
3PM24CS067,Kabir Nambiar,3pm24cs067@northfielddemo.edu,CSE,6,8.03,84.0,86.9,1
4PM24IS042,Rohan Bhardwaj,4pm24is042@northfielddemo.edu,ISE,8,7.31,88.1,80.5,2
3PM24CS068,Dev Verma,3pm24cs068@northfielddemo.edu,CSE,6,9.82,91.6,95.3,1
4PM24CS069,Ananya Deshmukh,4pm24cs069@northfielddemo.edu,CSE,8,8.35,80.7,79.2,2
2PM24IS043,Diya Rao,2pm24is043@northfielddemo.edu,ISE,4,5.38,69.0,66.6,0
2PM24CE024,Ishita Singh,2pm24ce024@northfielddemo.edu,CE,4,6.49,72.2,76.0,0
3PM24EC036,Sanya Bose,3pm24ec036@northfielddemo.edu,ECE,6,7.59,88.3,71.6,1
4PM24EC037,Prisha Menon,4pm24ec037@northfielddemo.edu,ECE,8,8.56,94.8,88.7,1
2PM24IS044,Aisha Joshi,2pm24is044@northfielddemo.edu,ISE,4,7.3,83.0,84.2,2
2PM24ME027,Navya Kapoor,2pm24me027@northfielddemo.edu,ME,4,7.75,85.8,91.8,3
3PM24EC038,Riya Ghosh,3pm24ec038@northfielddemo.edu,ECE,6,8.95,88.4,88.1,2
2PM24IS045,Meera Nair,2pm24is045@northfielddemo.edu,ISE,4,7.24,77.1,65.1,3
3PM24CS070,Tara Gupta,3pm24cs070@northfielddemo.edu,CSE,6,8.54,91.6,89.9,0
2PM24ME028,Kavya Pillai,2pm24me028@northfielddemo.edu,ME,4,7.21,86.5,84.6,0
4PM24IS046,Anaya Taneja,4pm24is046@northfielddemo.edu,ISE,8,7.56,75.7,81.3,0
3PM24CS071,Sneha Patel,3pm24cs071@northfielddemo.edu,CSE,6,7.72,81.6,73.7,2
3PM24CS072,Pooja Raghavan,3pm24cs072@northfielddemo.edu,CSE,6,7.82,82.8,78.7,0
3PM24CS073,Rahul Shetty,3pm24cs073@northfielddemo.edu,CSE,6,7.72,77.6,74.7,2
3PM24CS074,Vikram Chauhan,3pm24cs074@northfielddemo.edu,CSE,6,7.61,81.5,87.7,0
3PM24CS075,Nikhil Sharma,3pm24cs075@northfielddemo.edu,CSE,6,7.37,81.0,75.5,0
4PM24CS076,Karan Kulkarni,4pm24cs076@northfielddemo.edu,CSE,8,7.84,79.9,81.2,3
2PM24CS077,Siddharth Bhat,2pm24cs077@northfielddemo.edu,CSE,4,7.95,85.7,80.3,0
3PM24ME029,Amit Malhotra,3pm24me029@northfielddemo.edu,ME,6,6.84,78.2,72.3,0
4PM24EC039,Priya Banerjee,4pm24ec039@northfielddemo.edu,ECE,8,5.27,60.8,60.6,0
4PM24CE025,Divya Iyer,4pm24ce025@northfielddemo.edu,CE,8,6.31,72.6,66.4,0
2PM24EC040,Shreya Mehta,2pm24ec040@northfielddemo.edu,ECE,4,7.63,78.3,77.2,1
2PM24EC041,Nandini Sethi,2pm24ec041@northfielddemo.edu,ECE,4,7.52,80.2,75.5,1
2PM24IS047,Varun Arora,2pm24is047@northfielddemo.edu,ISE,4,6.59,78.5,75.7,0
4PM24ME030,Harsh Reddy,4pm24me030@northfielddemo.edu,ME,8,7.61,77.7,68.4,1
4PM24IS048,Yash Chopra,4pm24is048@northfielddemo.edu,ISE,8,8.06,89.0,84.2,1
3PM24CS078,Manish Nambiar,3pm24cs078@northfielddemo.edu,CSE,6,7.39,86.9,82.6,3
2PM24CS079,Ritika Bhardwaj,2pm24cs079@northfielddemo.edu,CSE,4,7.97,72.2,83.5,0
4PM24ME031,Tanvi Verma,4pm24me031@northfielddemo.edu,ME,8,7.59,80.9,88.4,0
3PM24EC042,Shruti Deshmukh,3pm24ec042@northfielddemo.edu,ECE,6,8.17,80.1,82.4,0
2PM24EC043,Lakshmi Rao,2pm24ec043@northfielddemo.edu,ECE,4,7.28,82.7,73.1,0
4PM24IS049,Gauri Singh,4pm24is049@northfielddemo.edu,ISE,8,7.3,75.8,70.1,0
3PM24IS050,Aditi Bose,3pm24is050@northfielddemo.edu,ISE,6,6.56,74.3,69.5,0
4PM24ME032,Nidhi Menon,4pm24me032@northfielddemo.edu,ME,8,5.94,79.4,78.7,1
4PM24CE026,Isha Joshi,4pm24ce026@northfielddemo.edu,CE,8,7.5,80.9,71.7,0
4PM24CS080,Aarav Kapoor,4pm24cs080@northfielddemo.edu,CSE,8,6.82,72.6,74.5,1
4PM24EC044,Vivaan Ghosh,4pm24ec044@northfielddemo.edu,ECE,8,7.86,87.9,82.1,0
3PM24IS051,Aditya Nair,3pm24is051@northfielddemo.edu,ISE,6,8.16,93.4,78.7,0
3PM24CS081,Arjun Gupta,3pm24cs081@northfielddemo.edu,CSE,6,4.83,63.6,52.9,0
3PM24CS082,Sai Pillai,3pm24cs082@northfielddemo.edu,CSE,6,7.31,79.0,82.7,1
2PM24CS083,Ishaan Taneja,2pm24cs083@northfielddemo.edu,CSE,4,6.17,68.6,80.9,0
3PM24IS052,Aryan Patel,3pm24is052@northfielddemo.edu,ISE,6,7.07,75.9,79.8,0
3PM24IS053,Kabir Raghavan,3pm24is053@northfielddemo.edu,ISE,6,7.47,77.0,79.6,0
4PM24EC045,Rohan Shetty,4pm24ec045@northfielddemo.edu,ECE,8,6.06,69.5,63.4,0
4PM24CE027,Dev Chauhan,4pm24ce027@northfielddemo.edu,CE,8,8.5,87.9,93.5,0
3PM24IS054,Ananya Sharma,3pm24is054@northfielddemo.edu,ISE,6,7.19,74.6,73.5,0
4PM24CS084,Diya Kulkarni,4pm24cs084@northfielddemo.edu,CSE,8,9.08,89.6,84.6,1
3PM24EC046,Ishita Bhat,3pm24ec046@northfielddemo.edu,ECE,6,8.49,89.3,80.7,2
3PM24CS085,Sanya Malhotra,3pm24cs085@northfielddemo.edu,CSE,6,8.6,86.9,90.1,0
3PM24CS086,Prisha Banerjee,3pm24cs086@northfielddemo.edu,CSE,6,6.17,72.5,73.6,1
2PM24CS087,Aisha Iyer,2pm24cs087@northfielddemo.edu,CSE,4,7.9,83.0,84.0,1
2PM24EC047,Navya Mehta,2pm24ec047@northfielddemo.edu,ECE,4,7.39,90.7,77.0,0
2PM24CS088,Riya Sethi,2pm24cs088@northfielddemo.edu,CSE,4,6.69,76.4,67.6,3
2PM24CS089,Meera Arora,2pm24cs089@northfielddemo.edu,CSE,4,7.84,78.2,75.7,1
3PM24IS055,Tara Reddy,3pm24is055@northfielddemo.edu,ISE,6,7.81,90.6,82.3,1
2PM24IS056,Kavya Chopra,2pm24is056@northfielddemo.edu,ISE,4,6.24,72.3,68.7,1
2PM24EC048,Anaya Nambiar,2pm24ec048@northfielddemo.edu,ECE,4,8.43,86.5,85.5,0
2PM24CE028,Sneha Bhardwaj,2pm24ce028@northfielddemo.edu,CE,4,8.0,83.5,82.3,1
3PM24EC049,Pooja Verma,3pm24ec049@northfielddemo.edu,ECE,6,8.52,86.7,86.8,0
2PM24ME033,Rahul Deshmukh,2pm24me033@northfielddemo.edu,ME,4,8.26,77.2,81.1,3
4PM24ME034,Vikram Rao,4pm24me034@northfielddemo.edu,ME,8,7.22,91.6,84.7,0
2PM24IS057,Nikhil Singh,2pm24is057@northfielddemo.edu,ISE,4,8.79,92.0,86.1,0
3PM24CS090,Karan Bose,3pm24cs090@northfielddemo.edu,CSE,6,8.79,91.0,89.9,0
4PM24CS091,Siddharth Menon,4pm24cs091@northfielddemo.edu,CSE,8,6.98,78.1,80.4,0
3PM24EC050,Amit Joshi,3pm24ec050@northfielddemo.edu,ECE,6,7.25,85.1,86.3,0
4PM24CS092,Priya Kapoor,4pm24cs092@northfielddemo.edu,CSE,8,6.27,69.9,70.7,0
2PM24IS058,Divya Ghosh,2pm24is058@northfielddemo.edu,ISE,4,7.86,70.3,81.0,0
2PM24CE029,Shreya Nair,2pm24ce029@northfielddemo.edu,CE,4,7.7,85.9,82.9,3
2PM24IS059,Nandini Gupta,2pm24is059@northfielddemo.edu,ISE,4,6.44,70.1,78.7,0
3PM24ME035,Varun Pillai,3pm24me035@northfielddemo.edu,ME,6,8.84,90.1,78.2,0
3PM24ME036,Harsh Taneja,3pm24me036@northfielddemo.edu,ME,6,8.02,90.8,86.2,1
3PM24EC051,Yash Patel,3pm24ec051@northfielddemo.edu,ECE,6,5.67,71.1,68.1,1
3PM24ME037,Manish Raghavan,3pm24me037@northfielddemo.edu,ME,6,7.84,83.4,71.1,1
3PM24CS093,Ritika Shetty,3pm24cs093@northfielddemo.edu,CSE,6,8.87,91.9,83.0,0
4PM24ME038,Tanvi Chauhan,4pm24me038@northfielddemo.edu,ME,8,9.22,90.3,88.2,1
4PM24IS060,Shruti Sharma,4pm24is060@northfielddemo.edu,ISE,8,6.94,78.6,69.8,0
2PM24CS094,Lakshmi Kulkarni,2pm24cs094@northfielddemo.edu,CSE,4,7.8,80.2,79.1,0
4PM24ME039,Gauri Bhat,4pm24me039@northfielddemo.edu,ME,8,7.76,85.5,78.1,0
3PM24EC052,Aditi Malhotra,3pm24ec052@northfielddemo.edu,ECE,6,7.82,81.8,80.0,0
4PM24IS061,Nidhi Banerjee,4pm24is061@northfielddemo.edu,ISE,8,6.25,78.4,69.1,3
2PM24ME040,Isha Iyer,2pm24me040@northfielddemo.edu,ME,4,7.88,86.6,84.1,1
4PM24IS062,Aarav Mehta,4pm24is062@northfielddemo.edu,ISE,8,7.57,94.1,73.7,1
2PM24EC053,Vivaan Sethi,2pm24ec053@northfielddemo.edu,ECE,4,7.39,85.2,65.3,1
3PM24CS095,Aditya Arora,3pm24cs095@northfielddemo.edu,CSE,6,6.39,71.1,65.1,3
3PM24ME041,Arjun Reddy,3pm24me041@northfielddemo.edu,ME,6,6.55,71.7,78.5,2
3PM24CE030,Sai Chopra,3pm24ce030@northfielddemo.edu,CE,6,8.99,92.9,86.2,0
2PM24EC054,Ishaan Nambiar,2pm24ec054@northfielddemo.edu,ECE,4,7.36,76.9,78.5,0
3PM24IS063,Aryan Bhardwaj,3pm24is063@northfielddemo.edu,ISE,6,7.03,77.9,80.9,0
2PM24CS096,Kabir Verma,2pm24cs096@northfielddemo.edu,CSE,4,6.9,71.4,67.1,0
2PM24ME042,Rohan Deshmukh,2pm24me042@northfielddemo.edu,ME,4,7.74,93.6,74.9,0
4PM24EC055,Dev Rao,4pm24ec055@northfielddemo.edu,ECE,8,7.95,80.3,82.4,0
4PM24CS097,Ananya Singh,4pm24cs097@northfielddemo.edu,CSE,8,5.66,72.8,65.4,1
3PM24ME043,Diya Bose,3pm24me043@northfielddemo.edu,ME,6,6.93,74.9,68.0,0
3PM24ME044,Ishita Menon,3pm24me044@northfielddemo.edu,ME,6,9.17,93.7,78.5,0
2PM24EC056,Sanya Joshi,2pm24ec056@northfielddemo.edu,ECE,4,5.78,69.9,67.7,0
4PM24CS098,Prisha Kapoor,4pm24cs098@northfielddemo.edu,CSE,8,6.56,63.9,69.8,0
2PM24CS099,Aisha Ghosh,2pm24cs099@northfielddemo.edu,CSE,4,5.08,62.8,62.2,1
3PM24EC057,Navya Nair,3pm24ec057@northfielddemo.edu,ECE,6,7.0,80.8,75.7,3
2PM24IS064,Riya Gupta,2pm24is064@northfielddemo.edu,ISE,4,6.39,77.9,60.8,2
2PM24ME045,Meera Pillai,2pm24me045@northfielddemo.edu,ME,4,7.04,84.4,78.1,0
4PM24CS100,Tara Taneja,4pm24cs100@northfielddemo.edu,CSE,8,7.31,88.7,79.8,0
3PM24CS101,Kavya Patel,3pm24cs101@northfielddemo.edu,CSE,6,7.34,79.2,76.2,0
3PM24EC058,Anaya Raghavan,3pm24ec058@northfielddemo.edu,ECE,6,8.11,78.5,80.7,1
4PM24EC059,Sneha Shetty,4pm24ec059@northfielddemo.edu,ECE,8,6.4,76.4,63.2,0
4PM24CS102,Pooja Chauhan,4pm24cs102@northfielddemo.edu,CSE,8,7.67,87.6,84.0,0
4PM24ME046,Rahul Sharma,4pm24me046@northfielddemo.edu,ME,8,6.62,73.6,71.6,0
2PM24CE031,Vikram Kulkarni,2pm24ce031@northfielddemo.edu,CE,4,6.18,78.1,73.9,0
3PM24EC060,Nikhil Bhat,3pm24ec060@northfielddemo.edu,ECE,6,6.69,85.7,69.4,2
2PM24CE032,Karan Malhotra,2pm24ce032@northfielddemo.edu,CE,4,7.75,90.5,86.2,0
4PM24IS065,Siddharth Banerjee,4pm24is065@northfielddemo.edu,ISE,8,7.26,78.9,72.1,0
2PM24IS066,Amit Iyer,2pm24is066@northfielddemo.edu,ISE,4,7.06,78.2,70.7,1
3PM24CS103,Priya Mehta,3pm24cs103@northfielddemo.edu,CSE,6,7.77,81.5,76.7,0
2PM24CS104,Divya Sethi,2pm24cs104@northfielddemo.edu,CSE,4,7.48,80.7,80.1,1
2PM24CS105,Shreya Arora,2pm24cs105@northfielddemo.edu,CSE,4,8.92,98.8,83.0,0
4PM24CS106,Nandini Reddy,4pm24cs106@northfielddemo.edu,CSE,8,7.56,84.4,83.3,1
3PM24CS107,Varun Chopra,3pm24cs107@northfielddemo.edu,CSE,6,6.85,83.2,76.5,1
3PM24EC061,Harsh Nambiar,3pm24ec061@northfielddemo.edu,ECE,6,6.0,68.1,75.6,2
4PM24CS108,Yash Bhardwaj,4pm24cs108@northfielddemo.edu,CSE,8,6.95,82.6,75.5,1
4PM24CS109,Manish Verma,4pm24cs109@northfielddemo.edu,CSE,8,6.43,73.1,71.2,1
3PM24IS067,Ritika Deshmukh,3pm24is067@northfielddemo.edu,ISE,6,6.64,79.1,65.7,0
3PM24IS068,Tanvi Rao,3pm24is068@northfielddemo.edu,ISE,6,5.45,63.5,68.4,1
2PM24IS069,Shruti Singh,2pm24is069@northfielddemo.edu,ISE,4,6.39,70.1,69.6,0
3PM24IS070,Lakshmi Bose,3pm24is070@northfielddemo.edu,ISE,6,5.77,70.4,64.0,2
2PM24CS110,Gauri Menon,2pm24cs110@northfielddemo.edu,CSE,4,7.47,81.1,70.9,2
3PM24ME047,Aditi Joshi,3pm24me047@northfielddemo.edu,ME,6,7.78,80.3,82.5,0
4PM24CS111,Nidhi Kapoor,4pm24cs111@northfielddemo.edu,CSE,8,7.81,83.1,78.7,3
4PM24CS112,Isha Ghosh,4pm24cs112@northfielddemo.edu,CSE,8,6.57,72.8,67.2,1
3PM24EC062,Aarav Nair,3pm24ec062@northfielddemo.edu,ECE,6,6.61,80.9,69.2,1
2PM24CS113,Vivaan Gupta,2pm24cs113@northfielddemo.edu,CSE,4,7.59,85.5,80.2,0
2PM24CS114,Aditya Pillai,2pm24cs114@northfielddemo.edu,CSE,4,8.64,89.5,83.5,0
2PM24EC063,Arjun Taneja,2pm24ec063@northfielddemo.edu,ECE,4,8.03,83.7,75.6,0
4PM24CE033,Sai Patel,4pm24ce033@northfielddemo.edu,CE,8,7.07,79.2,71.1,1
4PM24CE034,Ishaan Raghavan,4pm24ce034@northfielddemo.edu,CE,8,6.58,83.2,80.7,0
4PM24CE035,Aryan Shetty,4pm24ce035@northfielddemo.edu,CE,8,6.3,71.9,66.4,2
3PM24CS115,Kabir Chauhan,3pm24cs115@northfielddemo.edu,CSE,6,7.69,74.6,77.5,2
4PM24IS071,Rohan Sharma,4pm24is071@northfielddemo.edu,ISE,8,7.15,68.7,67.2,1
4PM24IS072,Dev Kulkarni,4pm24is072@northfielddemo.edu,ISE,8,6.85,69.7,78.3,0
2PM24IS073,Ananya Bhat,2pm24is073@northfielddemo.edu,ISE,4,7.24,83.4,80.9,0
3PM24EC064,Diya Malhotra,3pm24ec064@northfielddemo.edu,ECE,6,7.82,85.9,81.6,0
4PM24CS116,Ishita Banerjee,4pm24cs116@northfielddemo.edu,CSE,8,7.62,85.1,80.0,2
4PM24ME048,Sanya Iyer,4pm24me048@northfielddemo.edu,ME,8,8.44,93.2,78.5,1
3PM24EC065,Prisha Mehta,3pm24ec065@northfielddemo.edu,ECE,6,6.69,78.8,66.0,0
4PM24IS074,Aisha Sethi,4pm24is074@northfielddemo.edu,ISE,8,8.37,89.1,81.9,3
4PM24CS117,Navya Arora,4pm24cs117@northfielddemo.edu,CSE,8,7.37,85.2,80.3,0
2PM24CS118,Riya Reddy,2pm24cs118@northfielddemo.edu,CSE,4,7.33,77.4,88.0,0
4PM24CS119,Meera Chopra,4pm24cs119@northfielddemo.edu,CSE,8,6.98,80.0,79.1,0
4PM24EC066,Tara Nambiar,4pm24ec066@northfielddemo.edu,ECE,8,6.46,72.9,69.5,0
3PM24CS120,Kavya Bhardwaj,3pm24cs120@northfielddemo.edu,CSE,6,6.93,84.0,73.6,0
3PM24ME049,Anaya Verma,3pm24me049@northfielddemo.edu,ME,6,7.57,82.3,79.4,2
3PM24EC067,Sneha Deshmukh,3pm24ec067@northfielddemo.edu,ECE,6,6.73,74.4,83.7,3
2PM24CS121,Pooja Rao,2pm24cs121@northfielddemo.edu,CSE,4,6.94,89.9,74.7,0
4PM24EC068,Rahul Singh,4pm24ec068@northfielddemo.edu,ECE,8,7.34,82.7,81.5,0
3PM24CS122,Vikram Bose,3pm24cs122@northfielddemo.edu,CSE,6,6.81,75.8,77.9,0
4PM24EC069,Nikhil Menon,4pm24ec069@northfielddemo.edu,ECE,8,7.24,84.2,71.5,1
2PM24CS123,Karan Joshi,2pm24cs123@northfielddemo.edu,CSE,4,7.43,79.4,83.4,0
2PM24ME050,Siddharth Kapoor,2pm24me050@northfielddemo.edu,ME,4,8.04,88.4,89.6,2
2PM24IS075,Amit Ghosh,2pm24is075@northfielddemo.edu,ISE,4,7.88,89.6,87.4,0
3PM24IS076,Priya Nair,3pm24is076@northfielddemo.edu,ISE,6,8.36,90.5,79.8,0
2PM24IS077,Divya Gupta,2pm24is077@northfielddemo.edu,ISE,4,6.29,64.7,64.2,2
3PM24CS124,Shreya Pillai,3pm24cs124@northfielddemo.edu,CSE,6,7.16,80.9,76.4,3
2PM24CE036,Nandini Taneja,2pm24ce036@northfielddemo.edu,CE,4,7.39,85.0,75.0,3
2PM24CS125,Varun Patel,2pm24cs125@northfielddemo.edu,CSE,4,6.61,81.2,72.3,0
3PM24EC070,Harsh Raghavan,3pm24ec070@northfielddemo.edu,ECE,6,6.6,79.8,69.8,0
4PM24CE037,Yash Shetty,4pm24ce037@northfielddemo.edu,CE,8,7.62,91.2,85.0,0
4PM24IS078,Manish Chauhan,4pm24is078@northfielddemo.edu,ISE,8,7.8,83.7,87.5,1
3PM24IS079,Ritika Sharma,3pm24is079@northfielddemo.edu,ISE,6,7.69,79.2,80.7,0
4PM24CS126,Tanvi Kulkarni,4pm24cs126@northfielddemo.edu,CSE,8,7.78,84.8,81.1,1
2PM24EC071,Shruti Bhat,2pm24ec071@northfielddemo.edu,ECE,4,7.38,81.0,78.4,0
2PM24EC072,Lakshmi Malhotra,2pm24ec072@northfielddemo.edu,ECE,4,6.74,77.0,68.8,0
3PM24IS080,Gauri Banerjee,3pm24is080@northfielddemo.edu,ISE,6,8.12,80.3,90.5,0
3PM24CS127,Aditi Iyer,3pm24cs127@northfielddemo.edu,CSE,6,7.69,88.9,79.8,0
2PM24IS081,Nidhi Mehta,2pm24is081@northfielddemo.edu,ISE,4,6.4,80.7,80.5,0
4PM24CE038,Isha Sethi,4pm24ce038@northfielddemo.edu,CE,8,8.48,93.0,79.4,3
3PM24CS128,Aarav Arora,3pm24cs128@northfielddemo.edu,CSE,6,7.24,81.1,66.5,3
4PM24EC073,Vivaan Reddy,4pm24ec073@northfielddemo.edu,ECE,8,7.47,85.0,73.5,2
3PM24ME051,Aditya Chopra,3pm24me051@northfielddemo.edu,ME,6,7.69,85.3,87.6,1
4PM24IS082,Arjun Nambiar,4pm24is082@northfielddemo.edu,ISE,8,6.34,78.4,72.4,0
3PM24IS083,Sai Bhardwaj,3pm24is083@northfielddemo.edu,ISE,6,7.74,78.7,71.6,0
3PM24IS084,Ishaan Verma,3pm24is084@northfielddemo.edu,ISE,6,9.29,94.8,88.4,0
3PM24IS085,Aryan Deshmukh,3pm24is085@northfielddemo.edu,ISE,6,7.71,82.4,77.7,0
3PM24CS129,Kabir Rao,3pm24cs129@northfielddemo.edu,CSE,6,8.56,89.1,86.7,3
4PM24EC074,Rohan Singh,4pm24ec074@northfielddemo.edu,ECE,8,8.63,89.5,76.6,0
4PM24CS130,Dev Bose,4pm24cs130@northfielddemo.edu,CSE,8,8.01,84.2,76.2,0
2PM24EC075,Ananya Menon,2pm24ec075@northfielddemo.edu,ECE,4,7.66,76.5,90.8,0
2PM24CE039,Diya Joshi,2pm24ce039@northfielddemo.edu,CE,4,5.88,66.2,62.8,1
2PM24EC076,Ishita Kapoor,2pm24ec076@northfielddemo.edu,ECE,4,7.98,78.3,77.9,0
2PM24ME052,Sanya Ghosh,2pm24me052@northfielddemo.edu,ME,4,7.21,86.9,79.0,0
4PM24CS131,Prisha Nair,4pm24cs131@northfielddemo.edu,CSE,8,9.03,95.5,98.0,0
2PM24IS086,Aisha Gupta,2pm24is086@northfielddemo.edu,ISE,4,6.3,78.6,72.3,0
2PM24CS132,Navya Pillai,2pm24cs132@northfielddemo.edu,CSE,4,7.25,83.7,83.2,0
4PM24ME053,Riya Taneja,4pm24me053@northfielddemo.edu,ME,8,7.71,79.1,77.1,0
3PM24IS087,Meera Patel,3pm24is087@northfielddemo.edu,ISE,6,7.69,77.5,79.3,0
4PM24IS088,Tara Raghavan,4pm24is088@northfielddemo.edu,ISE,8,8.16,83.0,81.7,0
2PM24IS089,Kavya Shetty,2pm24is089@northfielddemo.edu,ISE,4,7.19,86.1,69.7,1
3PM24CS133,Anaya Chauhan,3pm24cs133@northfielddemo.edu,CSE,6,8.58,83.7,83.6,2
4PM24EC077,Sneha Sharma,4pm24ec077@northfielddemo.edu,ECE,8,6.49,72.3,72.2,1
4PM24ME054,Pooja Kulkarni,4pm24me054@northfielddemo.edu,ME,8,8.22,93.7,84.8,0
3PM24ME055,Rahul Bhat,3pm24me055@northfielddemo.edu,ME,6,5.85,71.9,64.8,1
4PM24EC078,Vikram Malhotra,4pm24ec078@northfielddemo.edu,ECE,8,7.54,79.8,73.8,0
2PM24ME056,Nikhil Banerjee,2pm24me056@northfielddemo.edu,ME,4,6.64,82.3,79.1,2
4PM24CS134,Karan Iyer,4pm24cs134@northfielddemo.edu,CSE,8,7.65,82.9,82.5,1
3PM24EC079,Siddharth Mehta,3pm24ec079@northfielddemo.edu,ECE,6,8.68,82.0,89.1,1
2PM24EC080,Amit Sethi,2pm24ec080@northfielddemo.edu,ECE,4,6.57,68.6,73.0,2
2PM24IS090,Priya Arora,2pm24is090@northfielddemo.edu,ISE,4,8.08,86.9,89.1,0
2PM24CE040,Divya Reddy,2pm24ce040@northfielddemo.edu,CE,4,6.9,85.5,80.1,0
4PM24EC081,Shreya Chopra,4pm24ec081@northfielddemo.edu,ECE,8,7.35,82.9,74.8,0
4PM24ME057,Nandini Nambiar,4pm24me057@northfielddemo.edu,ME,8,6.97,86.3,85.4,0
3PM24CE041,Varun Bhardwaj,3pm24ce041@northfielddemo.edu,CE,6,6.94,77.5,82.9,0
2PM24CE042,Harsh Verma,2pm24ce042@northfielddemo.edu,CE,4,8.85,89.7,84.3,0
3PM24IS091,Yash Deshmukh,3pm24is091@northfielddemo.edu,ISE,6,7.54,79.3,83.0,0
4PM24IS092,Manish Rao,4pm24is092@northfielddemo.edu,ISE,8,8.56,91.7,82.4,0
2PM24CE043,Ritika Singh,2pm24ce043@northfielddemo.edu,CE,4,6.43,75.3,72.9,0
4PM24EC082,Tanvi Bose,4pm24ec082@northfielddemo.edu,ECE,8,5.97,69.1,69.1,1
4PM24IS093,Shruti Menon,4pm24is093@northfielddemo.edu,ISE,8,7.25,80.8,76.7,3
2PM24EC083,Lakshmi Joshi,2pm24ec083@northfielddemo.edu,ECE,4,7.45,78.0,79.3,3
2PM24IS094,Gauri Kapoor,2pm24is094@northfielddemo.edu,ISE,4,7.54,82.7,74.5,0
2PM24ME058,Aditi Ghosh,2pm24me058@northfielddemo.edu,ME,4,7.9,85.1,85.0,1
3PM24EC084,Nidhi Nair,3pm24ec084@northfielddemo.edu,ECE,6,8.07,85.0,79.9,1
4PM24EC085,Isha Gupta,4pm24ec085@northfielddemo.edu,ECE,8,7.19,75.2,67.3,1
3PM24CS135,Aarav Pillai,3pm24cs135@northfielddemo.edu,CSE,6,6.29,71.7,69.8,1
2PM24CS136,Vivaan Taneja,2pm24cs136@northfielddemo.edu,CSE,4,6.28,78.4,70.8,0
3PM24CS137,Aditya Patel,3pm24cs137@northfielddemo.edu,CSE,6,6.5,65.3,57.3,1
3PM24EC086,Arjun Raghavan,3pm24ec086@northfielddemo.edu,ECE,6,6.9,72.3,81.4,1
4PM24CS138,Sai Shetty,4pm24cs138@northfielddemo.edu,CSE,8,6.9,75.7,70.7,3
4PM24CS139,Ishaan Chauhan,4pm24cs139@northfielddemo.edu,CSE,8,5.7,71.8,65.2,3
3PM24IS095,Aryan Sharma,3pm24is095@northfielddemo.edu,ISE,6,7.98,91.4,78.0,0
3PM24CE044,Kabir Kulkarni,3pm24ce044@northfielddemo.edu,CE,6,7.79,84.4,83.6,0
3PM24IS096,Rohan Bhat,3pm24is096@northfielddemo.edu,ISE,6,7.9,84.4,82.5,0
2PM24EC087,Dev Malhotra,2pm24ec087@northfielddemo.edu,ECE,4,7.93,81.0,76.9,0
2PM24IS097,Ananya Banerjee,2pm24is097@northfielddemo.edu,ISE,4,7.02,89.0,71.0,1
3PM24IS098,Diya Iyer,3pm24is098@northfielddemo.edu,ISE,6,8.24,79.1,86.6,0
4PM24CS140,Ishita Mehta,4pm24cs140@northfielddemo.edu,CSE,8,7.11,79.4,76.5,2
2PM24IS099,Sanya Sethi,2pm24is099@northfielddemo.edu,ISE,4,7.49,85.9,80.4,0
2PM24ME059,Prisha Arora,2pm24me059@northfielddemo.edu,ME,4,5.74,71.8,60.7,1
3PM24EC088,Aisha Reddy,3pm24ec088@northfielddemo.edu,ECE,6,8.05,90.6,78.0,0
2PM24IS100,Navya Chopra,2pm24is100@northfielddemo.edu,ISE,4,7.28,84.0,79.1,0
4PM24ME060,Riya Nambiar,4pm24me060@northfielddemo.edu,ME,8,7.98,93.4,81.7,1
2PM24CS141,Meera Bhardwaj,2pm24cs141@northfielddemo.edu,CSE,4,9.1,90.6,85.9,0
2PM24CS142,Tara Verma,2pm24cs142@northfielddemo.edu,CSE,4,7.55,82.6,79.1,1
4PM24EC089,Kavya Deshmukh,4pm24ec089@northfielddemo.edu,ECE,8,6.96,74.6,72.0,0
2PM24CE045,Anaya Rao,2pm24ce045@northfielddemo.edu,CE,4,9.49,94.0,97.9,1
2PM24ME061,Sneha Singh,2pm24me061@northfielddemo.edu,ME,4,8.59,85.7,88.0,0
2PM24EC090,Pooja Bose,2pm24ec090@northfielddemo.edu,ECE,4,7.82,81.0,86.1,0
3PM24CS143,Rahul Menon,3pm24cs143@northfielddemo.edu,CSE,6,7.62,83.0,76.5,0
2PM24CS144,Vikram Joshi,2pm24cs144@northfielddemo.edu,CSE,4,6.97,73.5,72.5,0
2PM24CS145,Nikhil Kapoor,2pm24cs145@northfielddemo.edu,CSE,4,8.3,77.7,86.4,2
2PM24IS101,Karan Ghosh,2pm24is101@northfielddemo.edu,ISE,4,5.69,74.9,65.3,1
2PM24CS146,Siddharth Nair,2pm24cs146@northfielddemo.edu,CSE,4,6.21,72.7,73.7,0
4PM24ME062,Amit Gupta,4pm24me062@northfielddemo.edu,ME,8,8.9,97.9,96.1,0
4PM24IS102,Priya Pillai,4pm24is102@northfielddemo.edu,ISE,8,6.46,74.7,75.9,1
4PM24CS147,Divya Taneja,4pm24cs147@northfielddemo.edu,CSE,8,7.77,90.4,89.0,1
2PM24CS148,Shreya Patel,2pm24cs148@northfielddemo.edu,CSE,4,5.89,73.7,66.2,2
3PM24CS149,Nandini Raghavan,3pm24cs149@northfielddemo.edu,CSE,6,6.66,75.0,74.3,0
2PM24CS150,Varun Shetty,2pm24cs150@northfielddemo.edu,CSE,4,7.25,72.1,77.5,1
4PM24CS151,Harsh Chauhan,4pm24cs151@northfielddemo.edu,CSE,8,6.2,72.8,67.2,1
2PM24CS152,Yash Sharma,2pm24cs152@northfielddemo.edu,CSE,4,7.66,85.1,88.7,0
2PM24EC091,Manish Kulkarni,2pm24ec091@northfielddemo.edu,ECE,4,7.89,86.6,78.6,2
2PM24CS153,Ritika Bhat,2pm24cs153@northfielddemo.edu,CSE,4,6.51,80.8,73.2,0
3PM24CS154,Tanvi Malhotra,3pm24cs154@northfielddemo.edu,CSE,6,7.41,77.3,77.9,0
2PM24CS155,Shruti Banerjee,2pm24cs155@northfielddemo.edu,CSE,4,7.75,84.0,73.8,0
4PM24CE046,Lakshmi Iyer,4pm24ce046@northfielddemo.edu,CE,8,6.48,74.9,71.1,0
4PM24ME063,Gauri Mehta,4pm24me063@northfielddemo.edu,ME,8,7.62,77.6,78.4,0
3PM24CS156,Aditi Sethi,3pm24cs156@northfielddemo.edu,CSE,6,7.66,82.0,80.6,0
4PM24EC092,Nidhi Arora,4pm24ec092@northfielddemo.edu,ECE,8,5.08,63.8,80.6,3
3PM24CE047,Isha Reddy,3pm24ce047@northfielddemo.edu,CE,6,6.84,63.6,68.6,0
2PM24EC093,Aarav Chopra,2pm24ec093@northfielddemo.edu,ECE,4,8.05,79.6,83.7,0
2PM24CE048,Vivaan Nambiar,2pm24ce048@northfielddemo.edu,CE,4,8.26,90.8,88.8,1
2PM24EC094,Aditya Bhardwaj,2pm24ec094@northfielddemo.edu,ECE,4,5.37,63.5,70.1,0
2PM24IS103,Arjun Verma,2pm24is103@northfielddemo.edu,ISE,4,7.08,83.7,72.0,2
3PM24IS104,Sai Deshmukh,3pm24is104@northfielddemo.edu,ISE,6,6.73,80.9,75.5,0
3PM24EC095,Ishaan Rao,3pm24ec095@northfielddemo.edu,ECE,6,8.49,92.2,87.7,1
4PM24CS157,Aryan Singh,4pm24cs157@northfielddemo.edu,CSE,8,9.62,98.3,87.3,1
4PM24IS105,Kabir Bose,4pm24is105@northfielddemo.edu,ISE,8,8.17,83.5,89.2,3
3PM24CS158,Rohan Menon,3pm24cs158@northfielddemo.edu,CSE,6,6.97,82.5,74.5,1
3PM24CE049,Dev Joshi,3pm24ce049@northfielddemo.edu,CE,6,7.29,81.4,76.1,2
2PM24EC096,Ananya Kapoor,2pm24ec096@northfielddemo.edu,ECE,4,7.53,79.4,76.9,0
4PM24ME064,Diya Ghosh,4pm24me064@northfielddemo.edu,ME,8,6.9,67.0,78.4,1
4PM24CS159,Ishita Nair,4pm24cs159@northfielddemo.edu,CSE,8,5.66,67.0,65.5,0
3PM24CE050,Sanya Gupta,3pm24ce050@northfielddemo.edu,CE,6,7.58,85.4,84.2,0
4PM24ME065,Prisha Pillai,4pm24me065@northfielddemo.edu,ME,8,8.36,84.8,77.2,3
2PM24ME066,Aisha Taneja,2pm24me066@northfielddemo.edu,ME,4,7.65,90.3,79.0,0
2PM24IS106,Navya Patel,2pm24is106@northfielddemo.edu,ISE,4,6.8,86.6,80.5,0
3PM24CE051,Riya Raghavan,3pm24ce051@northfielddemo.edu,CE,6,4.56,56.9,56.8,1
3PM24CS160,Meera Shetty,3pm24cs160@northfielddemo.edu,CSE,6,7.86,80.6,80.3,0
4PM24CS161,Tara Chauhan,4pm24cs161@northfielddemo.edu,CSE,8,7.41,84.6,72.9,1
4PM24CS162,Kavya Sharma,4pm24cs162@northfielddemo.edu,CSE,8,9.02,89.3,92.6,0
3PM24CS163,Anaya Kulkarni,3pm24cs163@northfielddemo.edu,CSE,6,7.38,88.5,87.2,1
4PM24EC097,Sneha Bhat,4pm24ec097@northfielddemo.edu,ECE,8,7.42,83.5,77.2,0
3PM24IS107,Pooja Malhotra,3pm24is107@northfielddemo.edu,ISE,6,6.8,77.7,76.4,1
3PM24CS164,Rahul Banerjee,3pm24cs164@northfielddemo.edu,CSE,6,8.21,84.8,78.5,0
3PM24CE052,Vikram Iyer,3pm24ce052@northfielddemo.edu,CE,6,6.37,74.8,74.5,2
3PM24ME067,Nikhil Mehta,3pm24me067@northfielddemo.edu,ME,6,7.55,93.2,78.3,2
3PM24CE053,Karan Sethi,3pm24ce053@northfielddemo.edu,CE,6,6.45,77.4,71.6,0
2PM24CS165,Siddharth Arora,2pm24cs165@northfielddemo.edu,CSE,4,7.24,75.3,68.9,0
4PM24CS166,Amit Reddy,4pm24cs166@northfielddemo.edu,CSE,8,7.41,78.8,76.7,0
2PM24EC098,Priya Chopra,2pm24ec098@northfielddemo.edu,ECE,4,7.0,80.1,72.6,2
2PM24EC099,Divya Nambiar,2pm24ec099@northfielddemo.edu,ECE,4,7.45,79.6,80.2,0
3PM24EC100,Shreya Bhardwaj,3pm24ec100@northfielddemo.edu,ECE,6,6.24,82.0,70.8,0
4PM24CS167,Nandini Verma,4pm24cs167@northfielddemo.edu,CSE,8,7.05,72.7,71.1,0
2PM24CS168,Varun Deshmukh,2pm24cs168@northfielddemo.edu,CSE,4,7.57,85.5,77.5,2
4PM24ME068,Harsh Rao,4pm24me068@northfielddemo.edu,ME,8,6.58,76.6,67.0,0
2PM24EC101,Yash Singh,2pm24ec101@northfielddemo.edu,ECE,4,7.86,85.2,73.3,3
4PM24IS108,Manish Bose,4pm24is108@northfielddemo.edu,ISE,8,8.33,88.6,84.6,0
4PM24IS109,Ritika Menon,4pm24is109@northfielddemo.edu,ISE,8,6.99,76.6,70.7,0
3PM24IS110,Tanvi Joshi,3pm24is110@northfielddemo.edu,ISE,6,8.12,76.4,75.9,0
4PM24ME069,Shruti Kapoor,4pm24me069@northfielddemo.edu,ME,8,7.02,91.1,87.7,0
3PM24IS111,Lakshmi Ghosh,3pm24is111@northfielddemo.edu,ISE,6,6.64,86.5,83.6,2
4PM24CS169,Gauri Nair,4pm24cs169@northfielddemo.edu,CSE,8,6.55,73.0,72.3,3
4PM24CS170,Aditi Gupta,4pm24cs170@northfielddemo.edu,CSE,8,7.77,83.6,84.3,1
4PM24IS112,Nidhi Pillai,4pm24is112@northfielddemo.edu,ISE,8,6.17,71.3,70.7,1
4PM24IS113,Isha Taneja,4pm24is113@northfielddemo.edu,ISE,8,8.72,88.1,81.7,0
4PM24CS171,Aarav Patel,4pm24cs171@northfielddemo.edu,CSE,8,7.67,82.9,81.2,0
3PM24CS172,Vivaan Raghavan,3pm24cs172@northfielddemo.edu,CSE,6,7.17,80.6,79.0,0
3PM24CS173,Aditya Shetty,3pm24cs173@northfielddemo.edu,CSE,6,6.8,75.5,80.3,2
4PM24ME070,Arjun Chauhan,4pm24me070@northfielddemo.edu,ME,8,7.49,84.6,82.6,1
3PM24EC102,Sai Sharma,3pm24ec102@northfielddemo.edu,ECE,6,7.17,71.6,74.5,0
2PM24ME071,Ishaan Kulkarni,2pm24me071@northfielddemo.edu,ME,4,5.54,69.1,68.1,3
4PM24EC103,Aryan Bhat,4pm24ec103@northfielddemo.edu,ECE,8,7.21,79.0,83.7,1
3PM24EC104,Kabir Malhotra,3pm24ec104@northfielddemo.edu,ECE,6,8.28,86.6,87.9,1
2PM24EC105,Rohan Banerjee,2pm24ec105@northfielddemo.edu,ECE,4,7.49,73.2,72.2,1
3PM24CS174,Dev Iyer,3pm24cs174@northfielddemo.edu,CSE,6,7.04,77.1,80.4,0
2PM24CS175,Ananya Mehta,2pm24cs175@northfielddemo.edu,CSE,4,7.5,87.2,70.8,1
3PM24EC106,Diya Sethi,3pm24ec106@northfielddemo.edu,ECE,6,7.63,80.8,69.9,2
3PM24CE054,Ishita Arora,3pm24ce054@northfielddemo.edu,CE,6,5.83,82.3,65.9,0
2PM24IS114,Sanya Reddy,2pm24is114@northfielddemo.edu,ISE,4,7.07,80.1,71.6,2
3PM24EC107,Prisha Chopra,3pm24ec107@northfielddemo.edu,ECE,6,6.52,74.8,66.2,2
2PM24CS176,Aisha Nambiar,2pm24cs176@northfielddemo.edu,CSE,4,8.14,83.0,81.3,1
4PM24CE055,Navya Bhardwaj,4pm24ce055@northfielddemo.edu,CE,8,7.72,78.1,80.7,0
3PM24IS115,Riya Verma,3pm24is115@northfielddemo.edu,ISE,6,6.64,77.3,77.0,0
4PM24IS116,Meera Deshmukh,4pm24is116@northfielddemo.edu,ISE,8,8.03,83.6,77.8,0
3PM24CE056,Tara Rao,3pm24ce056@northfielddemo.edu,CE,6,8.05,74.9,74.5,0
2PM24CS177,Kavya Singh,2pm24cs177@northfielddemo.edu,CSE,4,6.79,77.1,75.4,2
2PM24CS178,Anaya Bose,2pm24cs178@northfielddemo.edu,CSE,4,7.39,75.2,74.8,0
4PM24EC108,Sneha Menon,4pm24ec108@northfielddemo.edu,ECE,8,6.48,68.0,74.8,1
2PM24CS179,Pooja Joshi,2pm24cs179@northfielddemo.edu,CSE,4,8.09,83.9,81.1,0
3PM24CE057,Rahul Kapoor,3pm24ce057@northfielddemo.edu,CE,6,6.43,77.6,75.0,2
4PM24ME072,Vikram Ghosh,4pm24me072@northfielddemo.edu,ME,8,8.09,82.4,81.7,0
4PM24CS180,Nikhil Nair,4pm24cs180@northfielddemo.edu,CSE,8,7.54,80.0,83.3,2
4PM24ME073,Karan Gupta,4pm24me073@northfielddemo.edu,ME,8,7.66,67.6,72.3,1
4PM24ME074,Siddharth Pillai,4pm24me074@northfielddemo.edu,ME,8,9.2,97.4,89.2,0
3PM24EC109,Amit Taneja,3pm24ec109@northfielddemo.edu,ECE,6,7.48,92.7,87.1,0
2PM24ME075,Priya Patel,2pm24me075@northfielddemo.edu,ME,4,7.3,74.6,76.2,2
2PM24EC110,Divya Raghavan,2pm24ec110@northfielddemo.edu,ECE,4,7.08,86.1,78.3,1
3PM24CE058,Shreya Shetty,3pm24ce058@northfielddemo.edu,CE,6,7.46,80.6,83.7,2
4PM24EC111,Nandini Chauhan,4pm24ec111@northfielddemo.edu,ECE,8,7.11,76.4,78.1,2
4PM24IS117,Varun Sharma,4pm24is117@northfielddemo.edu,ISE,8,8.17,88.3,83.6,0
3PM24IS118,Harsh Kulkarni,3pm24is118@northfielddemo.edu,ISE,6,5.31,77.1,57.3,2
2PM24CS181,Yash Bhat,2pm24cs181@northfielddemo.edu,CSE,4,7.62,83.2,69.1,2
2PM24ME076,Manish Malhotra,2pm24me076@northfielddemo.edu,ME,4,7.52,75.2,79.2,1
4PM24ME077,Ritika Banerjee,4pm24me077@northfielddemo.edu,ME,8,7.95,82.7,75.6,0
4PM24CS182,Tanvi Iyer,4pm24cs182@northfielddemo.edu,CSE,8,8.2,89.0,91.9,0
2PM24CE059,Shruti Mehta,2pm24ce059@northfielddemo.edu,CE,4,7.04,81.0,72.5,1
4PM24CS183,Lakshmi Sethi,4pm24cs183@northfielddemo.edu,CSE,8,7.63,74.3,78.5,0
4PM24CS184,Gauri Arora,4pm24cs184@northfielddemo.edu,CSE,8,7.57,85.5,82.3,0
4PM24ME078,Aditi Reddy,4pm24me078@northfielddemo.edu,ME,8,5.71,66.5,58.3,0
2PM24CS185,Nidhi Chopra,2pm24cs185@northfielddemo.edu,CSE,4,7.15,77.3,77.8,2
2PM24ME079,Isha Nambiar,2pm24me079@northfielddemo.edu,ME,4,7.2,74.5,70.6,0
3PM24IS119,Aarav Bhardwaj,3pm24is119@northfielddemo.edu,ISE,6,7.12,75.3,75.4,3
3PM24IS120,Vivaan Verma,3pm24is120@northfielddemo.edu,ISE,6,8.0,83.6,81.9,0
4PM24CS186,Aditya Deshmukh,4pm24cs186@northfielddemo.edu,CSE,8,7.77,92.9,82.4,0
2PM24CE060,Arjun Rao,2pm24ce060@northfielddemo.edu,CE,4,6.36,72.9,70.7,2
4PM24IS121,Sai Singh,4pm24is121@northfielddemo.edu,ISE,8,6.15,70.4,65.1,1
3PM24IS122,Ishaan Bose,3pm24is122@northfielddemo.edu,ISE,6,7.13,76.1,70.3,0
2PM24ME080,Aryan Menon,2pm24me080@northfielddemo.edu,ME,4,6.81,82.2,70.1,1
4PM24CS187,Kabir Joshi,4pm24cs187@northfielddemo.edu,CSE,8,7.67,81.1,81.9,1
2PM24CS188,Rohan Kapoor,2pm24cs188@northfielddemo.edu,CSE,4,8.17,85.9,73.9,1
3PM24IS123,Dev Ghosh,3pm24is123@northfielddemo.edu,ISE,6,6.27,69.4,68.5,0
2PM24CS189,Ananya Nair,2pm24cs189@northfielddemo.edu,CSE,4,8.28,91.0,85.9,1
3PM24EC112,Diya Gupta,3pm24ec112@northfielddemo.edu,ECE,6,7.9,96.3,83.6,0
3PM24IS124,Ishita Pillai,3pm24is124@northfielddemo.edu,ISE,6,7.2,78.0,77.2,2
4PM24CE061,Sanya Taneja,4pm24ce061@northfielddemo.edu,CE,8,5.78,69.1,56.2,0
2PM24CS190,Prisha Patel,2pm24cs190@northfielddemo.edu,CSE,4,7.1,74.5,79.8,0
4PM24CE062,Aisha Raghavan,4pm24ce062@northfielddemo.edu,CE,8,7.76,77.8,80.2,0
4PM24ME081,Navya Shetty,4pm24me081@northfielddemo.edu,ME,8,6.54,70.8,68.6,0
3PM24CS191,Riya Chauhan,3pm24cs191@northfielddemo.edu,CSE,6,7.64,76.9,79.5,0
3PM24EC113,Meera Sharma,3pm24ec113@northfielddemo.edu,ECE,6,6.65,72.5,70.0,1
3PM24CS192,Tara Kulkarni,3pm24cs192@northfielddemo.edu,CSE,6,6.08,79.2,75.8,2
4PM24CE063,Kavya Bhat,4pm24ce063@northfielddemo.edu,CE,8,8.79,88.5,79.8,0
2PM24IS125,Anaya Malhotra,2pm24is125@northfielddemo.edu,ISE,4,7.27,77.7,74.8,0
4PM24CS193,Sneha Banerjee,4pm24cs193@northfielddemo.edu,CSE,8,9.13,99.0,98.0,0
4PM24EC114,Pooja Iyer,4pm24ec114@northfielddemo.edu,ECE,8,8.21,91.4,80.4,0
3PM24EC115,Rahul Mehta,3pm24ec115@northfielddemo.edu,ECE,6,6.55,80.0,73.4,0
4PM24EC116,Vikram Sethi,4pm24ec116@northfielddemo.edu,ECE,8,5.89,74.6,76.4,1
4PM24ME082,Nikhil Arora,4pm24me082@northfielddemo.edu,ME,8,8.16,84.1,80.5,3
3PM24CE064,Karan Reddy,3pm24ce064@northfielddemo.edu,CE,6,8.0,91.4,77.7,3
4PM24CE065,Siddharth Chopra,4pm24ce065@northfielddemo.edu,CE,8,8.92,92.2,86.4,2
2PM24CS194,Amit Nambiar,2pm24cs194@northfielddemo.edu,CSE,4,7.34,79.2,79.2,2
3PM24EC117,Priya Bhardwaj,3pm24ec117@northfielddemo.edu,ECE,6,6.88,73.0,75.6,0
4PM24ME083,Divya Verma,4pm24me083@northfielddemo.edu,ME,8,6.57,69.0,70.6,0
3PM24CE066,Shreya Deshmukh,3pm24ce066@northfielddemo.edu,CE,6,7.38,86.7,77.1,2
4PM24IS126,Nandini Rao,4pm24is126@northfielddemo.edu,ISE,8,7.57,77.2,74.8,1
3PM24CS195,Varun Singh,3pm24cs195@northfielddemo.edu,CSE,6,6.82,83.9,80.1,1
3PM24EC118,Harsh Bose,3pm24ec118@northfielddemo.edu,ECE,6,6.62,78.3,81.3,2
4PM24CS196,Yash Menon,4pm24cs196@northfielddemo.edu,CSE,8,7.52,82.1,80.7,1
2PM24ME084,Manish Joshi,2pm24me084@northfielddemo.edu,ME,4,7.8,86.8,82.6,1
4PM24CS197,Ritika Kapoor,4pm24cs197@northfielddemo.edu,CSE,8,7.5,83.0,78.4,1
2PM24EC119,Tanvi Ghosh,2pm24ec119@northfielddemo.edu,ECE,4,9.15,91.5,86.1,3
2PM24EC120,Shruti Nair,2pm24ec120@northfielddemo.edu,ECE,4,8.34,93.0,89.7,0
2PM24EC121,Lakshmi Gupta,2pm24ec121@northfielddemo.edu,ECE,4,7.14,81.0,79.1,0
2PM24CS198,Gauri Pillai,2pm24cs198@northfielddemo.edu,CSE,4,6.37,79.6,76.9,0
2PM24CS199,Aditi Taneja,2pm24cs199@northfielddemo.edu,CSE,4,7.78,89.5,84.0,0
4PM24CS200,Nidhi Patel,4pm24cs200@northfielddemo.edu,CSE,8,8.89,86.4,85.1,1
3PM24CS201,Isha Raghavan,3pm24cs201@northfielddemo.edu,CSE,6,7.73,75.1,79.8,1
4PM24IS127,Aarav Shetty,4pm24is127@northfielddemo.edu,ISE,8,6.74,71.2,60.0,0
4PM24ME085,Vivaan Chauhan,4pm24me085@northfielddemo.edu,ME,8,7.82,74.8,86.4,2
